event_id,incident_date,loss_usd,incident_type,target_type,chain,protocol_id,protocol_chains_count,protocol_chains_count_available_at,is_forked_from_parent,is_forked_from_parent_available_at,parent_fork_children_count,parent_fork_children_count_available_at,protocol_past_events_count,protocol_past_events_count_available_at
demo-0000,2021-01-03T00:00:00+00:00,412095.14,oracle,dex,ethereum,protocol-00,1,2021-01-02T00:00:00+00:00,1,2021-01-02T00:00:00+00:00,0,2021-01-02T00:00:00+00:00,0,2021-01-02T00:00:00+00:00
demo-0001,2021-01-12T00:00:00+00:00,115383.14,access-control,lending,arbitrum,protocol-01,2,2021-01-11T00:00:00+00:00,0,2021-01-11T00:00:00+00:00,0,2021-01-11T00:00:00+00:00,0,2021-01-11T00:00:00+00:00
demo-0002,2021-01-21T00:00:00+00:00,804425.4,reentrancy,bridge,polygon,protocol-02,3,2021-01-20T00:00:00+00:00,0,2021-01-20T00:00:00+00:00,0,2021-01-20T00:00:00+00:00,0,2021-01-20T00:00:00+00:00
demo-0003,2021-01-30T00:00:00+00:00,3911689.79,economic,dex,bsc,protocol-03,4,2021-01-29T00:00:00+00:00,1,2021-01-29T00:00:00+00:00,3,2021-01-29T00:00:00+00:00,0,2021-01-29T00:00:00+00:00
demo-0004,2021-02-08T00:00:00+00:00,34948.12,oracle,lending,ethereum,protocol-04,1,2021-02-07T00:00:00+00:00,0,2021-02-07T00:00:00+00:00,0,2021-02-07T00:00:00+00:00,0,2021-02-07T00:00:00+00:00
demo-0005,2021-02-17T00:00:00+00:00,92332.13,access-control,bridge,arbitrum,protocol-05,2,2021-02-16T00:00:00+00:00,0,2021-02-16T00:00:00+00:00,0,2021-02-16T00:00:00+00:00,0,2021-02-16T00:00:00+00:00
demo-0006,2021-02-26T00:00:00+00:00,954234.13,reentrancy,dex,polygon,protocol-06,3,2021-02-25T00:00:00+00:00,1,2021-02-25T00:00:00+00:00,1,2021-02-25T00:00:00+00:00,0,2021-02-25T00:00:00+00:00
demo-0007,2021-03-07T00:00:00+00:00,494446.28,economic,lending,bsc,protocol-07,4,2021-03-06T00:00:00+00:00,0,2021-03-06T00:00:00+00:00,0,2021-03-06T00:00:00+00:00,0,2021-03-06T00:00:00+00:00
demo-0008,2021-03-16T00:00:00+00:00,180903.5,oracle,bridge,ethereum,protocol-08,1,2021-03-15T00:00:00+00:00,0,2021-03-15T00:00:00+00:00,0,2021-03-15T00:00:00+00:00,0,2021-03-15T00:00:00+00:00
demo-0009,2021-03-25T00:00:00+00:00,427159.46,access-control,dex,arbitrum,protocol-09,2,2021-03-24T00:00:00+00:00,1,2021-03-24T00:00:00+00:00,4,2021-03-24T00:00:00+00:00,0,2021-03-24T00:00:00+00:00
demo-0010,2021-04-03T00:00:00+00:00,897607.6,reentrancy,lending,polygon,protocol-10,3,2021-04-02T00:00:00+00:00,0,2021-04-02T00:00:00+00:00,0,2021-04-02T00:00:00+00:00,0,2021-04-02T00:00:00+00:00
demo-0011,2021-04-12T00:00:00+00:00,1253090.11,economic,bridge,bsc,protocol-11,4,2021-04-11T00:00:00+00:00,0,2021-04-11T00:00:00+00:00,0,2021-04-11T00:00:00+00:00,0,2021-04-11T00:00:00+00:00
demo-0012,2021-04-21T00:00:00+00:00,454124.24,oracle,dex,ethereum,protocol-12,1,2021-04-20T00:00:00+00:00,1,2021-04-20T00:00:00+00:00,2,2021-04-20T00:00:00+00:00,0,2021-04-20T00:00:00+00:00
demo-0013,2021-04-30T00:00:00+00:00,728071.86,access-control,lending,arbitrum,protocol-13,2,2021-04-29T00:00:00+00:00,0,2021-04-29T00:00:00+00:00,0,2021-04-29T00:00:00+00:00,0,2021-04-29T00:00:00+00:00
demo-0014,2021-05-09T00:00:00+00:00,632466.76,reentrancy,bridge,polygon,protocol-14,3,2021-05-08T00:00:00+00:00,0,2021-05-08T00:00:00+00:00,0,2021-05-08T00:00:00+00:00,0,2021-05-08T00:00:00+00:00
demo-0015,2021-05-18T00:00:00+00:00,540149.59,economic,dex,bsc,protocol-15,4,2021-05-17T00:00:00+00:00,1,2021-05-17T00:00:00+00:00,0,2021-05-17T00:00:00+00:00,0,2021-05-17T00:00:00+00:00
demo-0016,2021-05-27T00:00:00+00:00,251057.72,oracle,lending,ethereum,protocol-16,1,2021-05-26T00:00:00+00:00,0,2021-05-26T00:00:00+00:00,0,2021-05-26T00:00:00+00:00,0,2021-05-26T00:00:00+00:00
demo-0017,2021-06-05T00:00:00+00:00,123617.8,access-control,bridge,arbitrum,protocol-17,2,2021-06-04T00:00:00+00:00,0,2021-06-04T00:00:00+00:00,0,2021-06-04T00:00:00+00:00,0,2021-06-04T00:00:00+00:00
demo-0018,2021-06-14T00:00:00+00:00,981348.33,reentrancy,dex,ethereum,protocol-00,1,2021-06-13T00:00:00+00:00,1,2021-06-13T00:00:00+00:00,0,2021-06-13T00:00:00+00:00,1,2021-06-13T00:00:00+00:00
demo-0019,2021-06-23T00:00:00+00:00,391430.39,economic,lending,arbitrum,protocol-01,2,2021-06-22T00:00:00+00:00,0,2021-06-22T00:00:00+00:00,0,2021-06-22T00:00:00+00:00,1,2021-06-22T00:00:00+00:00
demo-0020,2021-07-02T00:00:00+00:00,531185.72,oracle,bridge,polygon,protocol-02,3,2021-07-01T00:00:00+00:00,0,2021-07-01T00:00:00+00:00,0,2021-07-01T00:00:00+00:00,1,2021-07-01T00:00:00+00:00
demo-0021,2021-07-11T00:00:00+00:00,1441521.75,access-control,dex,bsc,protocol-03,4,2021-07-10T00:00:00+00:00,1,2021-07-10T00:00:00+00:00,3,2021-07-10T00:00:00+00:00,1,2021-07-10T00:00:00+00:00
demo-0022,2021-07-20T00:00:00+00:00,758547.07,reentrancy,lending,ethereum,protocol-04,1,2021-07-19T00:00:00+00:00,0,2021-07-19T00:00:00+00:00,0,2021-07-19T00:00:00+00:00,1,2021-07-19T00:00:00+00:00
demo-0023,2021-07-29T00:00:00+00:00,358129.5,economic,bridge,arbitrum,protocol-05,2,2021-07-28T00:00:00+00:00,0,2021-07-28T00:00:00+00:00,0,2021-07-28T00:00:00+00:00,1,2021-07-28T00:00:00+00:00
demo-0024,2021-08-07T00:00:00+00:00,869715.44,oracle,dex,polygon,protocol-06,3,2021-08-06T00:00:00+00:00,1,2021-08-06T00:00:00+00:00,1,2021-08-06T00:00:00+00:00,1,2021-08-06T00:00:00+00:00
demo-0025,2021-08-16T00:00:00+00:00,701296.81,access-control,lending,bsc,protocol-07,4,2021-08-15T00:00:00+00:00,0,2021-08-15T00:00:00+00:00,0,2021-08-15T00:00:00+00:00,1,2021-08-15T00:00:00+00:00
demo-0026,2021-08-25T00:00:00+00:00,421874.35,reentrancy,bridge,ethereum,protocol-08,1,2021-08-24T00:00:00+00:00,0,2021-08-24T00:00:00+00:00,0,2021-08-24T00:00:00+00:00,1,2021-08-24T00:00:00+00:00
demo-0027,2021-09-03T00:00:00+00:00,1759653.47,economic,dex,arbitrum,protocol-09,2,2021-09-02T00:00:00+00:00,1,2021-09-02T00:00:00+00:00,4,2021-09-02T00:00:00+00:00,1,2021-09-02T00:00:00+00:00
demo-0028,2021-09-12T00:00:00+00:00,882772.43,oracle,lending,polygon,protocol-10,3,2021-09-11T00:00:00+00:00,0,2021-09-11T00:00:00+00:00,0,2021-09-11T00:00:00+00:00,1,2021-09-11T00:00:00+00:00
demo-0029,2021-09-21T00:00:00+00:00,1364362.51,access-control,bridge,bsc,protocol-11,4,2021-09-20T00:00:00+00:00,0,2021-09-20T00:00:00+00:00,0,2021-09-20T00:00:00+00:00,1,2021-09-20T00:00:00+00:00
demo-0030,2021-09-30T00:00:00+00:00,3876334.16,reentrancy,dex,ethereum,protocol-12,1,2021-09-29T00:00:00+00:00,1,2021-09-29T00:00:00+00:00,2,2021-09-29T00:00:00+00:00,1,2021-09-29T00:00:00+00:00
demo-0031,2021-10-09T00:00:00+00:00,289105.58,economic,lending,arbitrum,protocol-13,2,2021-10-08T00:00:00+00:00,0,2021-10-08T00:00:00+00:00,0,2021-10-08T00:00:00+00:00,1,2021-10-08T00:00:00+00:00
demo-0032,2021-10-18T00:00:00+00:00,402155.33,oracle,bridge,polygon,protocol-14,3,2021-10-17T00:00:00+00:00,0,2021-10-17T00:00:00+00:00,0,2021-10-17T00:00:00+00:00,1,2021-10-17T00:00:00+00:00
demo-0033,2021-10-27T00:00:00+00:00,821012.14,access-control,dex,bsc,protocol-15,4,2021-10-26T00:00:00+00:00,1,2021-10-26T00:00:00+00:00,0,2021-10-26T00:00:00+00:00,1,2021-10-26T00:00:00+00:00
demo-0034,2021-11-05T00:00:00+00:00,452970.6,reentrancy,lending,ethereum,protocol-16,1,2021-11-04T00:00:00+00:00,0,2021-11-04T00:00:00+00:00,0,2021-11-04T00:00:00+00:00,1,2021-11-04T00:00:00+00:00
demo-0035,2021-11-14T00:00:00+00:00,1066215.96,economic,bridge,arbitrum,protocol-17,2,2021-11-13T00:00:00+00:00,0,2021-11-13T00:00:00+00:00,0,2021-11-13T00:00:00+00:00,1,2021-11-13T00:00:00+00:00
demo-0036,2021-11-23T00:00:00+00:00,617321.14,oracle,dex,ethereum,protocol-00,1,2021-11-22T00:00:00+00:00,1,2021-11-22T00:00:00+00:00,0,2021-11-22T00:00:00+00:00,2,2021-11-22T00:00:00+00:00
demo-0037,2021-12-02T00:00:00+00:00,292396.78,access-control,lending,arbitrum,protocol-01,2,2021-12-01T00:00:00+00:00,0,2021-12-01T00:00:00+00:00,0,2021-12-01T00:00:00+00:00,2,2021-12-01T00:00:00+00:00
demo-0038,2021-12-11T00:00:00+00:00,450985.73,reentrancy,bridge,polygon,protocol-02,3,2021-12-10T00:00:00+00:00,0,2021-12-10T00:00:00+00:00,0,2021-12-10T00:00:00+00:00,2,2021-12-10T00:00:00+00:00
demo-0039,2021-12-20T00:00:00+00:00,6537097.84,economic,dex,bsc,protocol-03,4,2021-12-19T00:00:00+00:00,1,2021-12-19T00:00:00+00:00,3,2021-12-19T00:00:00+00:00,2,2021-12-19T00:00:00+00:00
demo-0040,2021-12-29T00:00:00+00:00,738049.4,oracle,lending,ethereum,protocol-04,1,2021-12-28T00:00:00+00:00,0,2021-12-28T00:00:00+00:00,0,2021-12-28T00:00:00+00:00,2,2021-12-28T00:00:00+00:00
demo-0041,2022-01-07T00:00:00+00:00,947593.72,access-control,bridge,arbitrum,protocol-05,2,2022-01-06T00:00:00+00:00,0,2022-01-06T00:00:00+00:00,0,2022-01-06T00:00:00+00:00,2,2022-01-06T00:00:00+00:00
demo-0042,2022-01-16T00:00:00+00:00,1039568.99,reentrancy,dex,polygon,protocol-06,3,2022-01-15T00:00:00+00:00,1,2022-01-15T00:00:00+00:00,1,2022-01-15T00:00:00+00:00,2,2022-01-15T00:00:00+00:00
demo-0043,2022-01-25T00:00:00+00:00,1685102.79,economic,lending,bsc,protocol-07,4,2022-01-24T00:00:00+00:00,0,2022-01-24T00:00:00+00:00,0,2022-01-24T00:00:00+00:00,2,2022-01-24T00:00:00+00:00
demo-0044,2022-02-03T00:00:00+00:00,433298.84,oracle,bridge,ethereum,protocol-08,1,2022-02-02T00:00:00+00:00,0,2022-02-02T00:00:00+00:00,0,2022-02-02T00:00:00+00:00,2,2022-02-02T00:00:00+00:00
demo-0045,2022-02-12T00:00:00+00:00,2271350.87,access-control,dex,arbitrum,protocol-09,2,2022-02-11T00:00:00+00:00,1,2022-02-11T00:00:00+00:00,4,2022-02-11T00:00:00+00:00,2,2022-02-11T00:00:00+00:00
demo-0046,2022-02-21T00:00:00+00:00,1906375.71,reentrancy,lending,polygon,protocol-10,3,2022-02-20T00:00:00+00:00,0,2022-02-20T00:00:00+00:00,0,2022-02-20T00:00:00+00:00,2,2022-02-20T00:00:00+00:00
demo-0047,2022-03-02T00:00:00+00:00,1672878.27,economic,bridge,bsc,protocol-11,4,2022-03-01T00:00:00+00:00,0,2022-03-01T00:00:00+00:00,0,2022-03-01T00:00:00+00:00,2,2022-03-01T00:00:00+00:00
demo-0048,2022-03-11T00:00:00+00:00,1634874.38,oracle,dex,ethereum,protocol-12,1,2022-03-10T00:00:00+00:00,1,2022-03-10T00:00:00+00:00,2,2022-03-10T00:00:00+00:00,2,2022-03-10T00:00:00+00:00
demo-0049,2022-03-20T00:00:00+00:00,632504.24,access-control,lending,arbitrum,protocol-13,2,2022-03-19T00:00:00+00:00,0,2022-03-19T00:00:00+00:00,0,2022-03-19T00:00:00+00:00,2,2022-03-19T00:00:00+00:00
demo-0050,2022-03-29T00:00:00+00:00,1162114.2,reentrancy,bridge,polygon,protocol-14,3,2022-03-28T00:00:00+00:00,0,2022-03-28T00:00:00+00:00,0,2022-03-28T00:00:00+00:00,2,2022-03-28T00:00:00+00:00
demo-0051,2022-04-07T00:00:00+00:00,4100399.61,economic,dex,bsc,protocol-15,4,2022-04-06T00:00:00+00:00,1,2022-04-06T00:00:00+00:00,0,2022-04-06T00:00:00+00:00,2,2022-04-06T00:00:00+00:00
demo-0052,2022-04-16T00:00:00+00:00,113711.24,oracle,lending,ethereum,protocol-16,1,2022-04-15T00:00:00+00:00,0,2022-04-15T00:00:00+00:00,0,2022-04-15T00:00:00+00:00,2,2022-04-15T00:00:00+00:00
demo-0053,2022-04-25T00:00:00+00:00,455103.19,access-control,bridge,arbitrum,protocol-17,2,2022-04-24T00:00:00+00:00,0,2022-04-24T00:00:00+00:00,0,2022-04-24T00:00:00+00:00,2,2022-04-24T00:00:00+00:00
demo-0054,2022-05-04T00:00:00+00:00,666758.54,reentrancy,dex,ethereum,protocol-00,1,2022-05-03T00:00:00+00:00,1,2022-05-03T00:00:00+00:00,0,2022-05-03T00:00:00+00:00,3,2022-05-03T00:00:00+00:00
demo-0055,2022-05-13T00:00:00+00:00,507348.71,economic,lending,arbitrum,protocol-01,2,2022-05-12T00:00:00+00:00,0,2022-05-12T00:00:00+00:00,0,2022-05-12T00:00:00+00:00,3,2022-05-12T00:00:00+00:00
demo-0056,2022-05-22T00:00:00+00:00,1051921.54,oracle,bridge,polygon,protocol-02,3,2022-05-21T00:00:00+00:00,0,2022-05-21T00:00:00+00:00,0,2022-05-21T00:00:00+00:00,3,2022-05-21T00:00:00+00:00
demo-0057,2022-05-31T00:00:00+00:00,19593336.94,access-control,dex,bsc,protocol-03,4,2022-05-30T00:00:00+00:00,1,2022-05-30T00:00:00+00:00,3,2022-05-30T00:00:00+00:00,3,2022-05-30T00:00:00+00:00
demo-0058,2022-06-09T00:00:00+00:00,274867.26,reentrancy,lending,ethereum,protocol-04,1,2022-06-08T00:00:00+00:00,0,2022-06-08T00:00:00+00:00,0,2022-06-08T00:00:00+00:00,3,2022-06-08T00:00:00+00:00
demo-0059,2022-06-18T00:00:00+00:00,1988789.26,economic,bridge,arbitrum,protocol-05,2,2022-06-17T00:00:00+00:00,0,2022-06-17T00:00:00+00:00,0,2022-06-17T00:00:00+00:00,3,2022-06-17T00:00:00+00:00
demo-0060,2022-06-27T00:00:00+00:00,640215.87,oracle,dex,polygon,protocol-06,3,2022-06-26T00:00:00+00:00,1,2022-06-26T00:00:00+00:00,1,2022-06-26T00:00:00+00:00,3,2022-06-26T00:00:00+00:00
demo-0061,2022-07-06T00:00:00+00:00,1521713.75,access-control,lending,bsc,protocol-07,4,2022-07-05T00:00:00+00:00,0,2022-07-05T00:00:00+00:00,0,2022-07-05T00:00:00+00:00,3,2022-07-05T00:00:00+00:00
demo-0062,2022-07-15T00:00:00+00:00,658908.6,reentrancy,bridge,ethereum,protocol-08,1,2022-07-14T00:00:00+00:00,0,2022-07-14T00:00:00+00:00,0,2022-07-14T00:00:00+00:00,3,2022-07-14T00:00:00+00:00
demo-0063,2022-07-24T00:00:00+00:00,4539325.46,economic,dex,arbitrum,protocol-09,2,2022-07-23T00:00:00+00:00,1,2022-07-23T00:00:00+00:00,4,2022-07-23T00:00:00+00:00,3,2022-07-23T00:00:00+00:00
demo-0064,2022-08-02T00:00:00+00:00,2432773.67,oracle,lending,polygon,protocol-10,3,2022-08-01T00:00:00+00:00,0,2022-08-01T00:00:00+00:00,0,2022-08-01T00:00:00+00:00,3,2022-08-01T00:00:00+00:00
demo-0065,2022-08-11T00:00:00+00:00,3970271.94,access-control,bridge,bsc,protocol-11,4,2022-08-10T00:00:00+00:00,0,2022-08-10T00:00:00+00:00,0,2022-08-10T00:00:00+00:00,3,2022-08-10T00:00:00+00:00
demo-0066,2022-08-20T00:00:00+00:00,998074.99,reentrancy,dex,ethereum,protocol-12,1,2022-08-19T00:00:00+00:00,1,2022-08-19T00:00:00+00:00,2,2022-08-19T00:00:00+00:00,3,2022-08-19T00:00:00+00:00
demo-0067,2022-08-29T00:00:00+00:00,589482.89,economic,lending,arbitrum,protocol-13,2,2022-08-28T00:00:00+00:00,0,2022-08-28T00:00:00+00:00,0,2022-08-28T00:00:00+00:00,3,2022-08-28T00:00:00+00:00
demo-0068,2022-09-07T00:00:00+00:00,2755968.55,oracle,bridge,polygon,protocol-14,3,2022-09-06T00:00:00+00:00,0,2022-09-06T00:00:00+00:00,0,2022-09-06T00:00:00+00:00,3,2022-09-06T00:00:00+00:00
demo-0069,2022-09-16T00:00:00+00:00,2979873.25,access-control,dex,bsc,protocol-15,4,2022-09-15T00:00:00+00:00,1,2022-09-15T00:00:00+00:00,0,2022-09-15T00:00:00+00:00,3,2022-09-15T00:00:00+00:00
demo-0070,2022-09-25T00:00:00+00:00,194010.32,reentrancy,lending,ethereum,protocol-16,1,2022-09-24T00:00:00+00:00,0,2022-09-24T00:00:00+00:00,0,2022-09-24T00:00:00+00:00,3,2022-09-24T00:00:00+00:00
demo-0071,2022-10-04T00:00:00+00:00,333269.21,economic,bridge,arbitrum,protocol-17,2,2022-10-03T00:00:00+00:00,0,2022-10-03T00:00:00+00:00,0,2022-10-03T00:00:00+00:00,3,2022-10-03T00:00:00+00:00
demo-0072,2022-10-13T00:00:00+00:00,665614.24,oracle,dex,ethereum,protocol-00,1,2022-10-12T00:00:00+00:00,1,2022-10-12T00:00:00+00:00,0,2022-10-12T00:00:00+00:00,4,2022-10-12T00:00:00+00:00
demo-0073,2022-10-22T00:00:00+00:00,1948531.62,access-control,lending,arbitrum,protocol-01,2,2022-10-21T00:00:00+00:00,0,2022-10-21T00:00:00+00:00,0,2022-10-21T00:00:00+00:00,4,2022-10-21T00:00:00+00:00
demo-0074,2022-10-31T00:00:00+00:00,2193615.99,reentrancy,bridge,polygon,protocol-02,3,2022-10-30T00:00:00+00:00,0,2022-10-30T00:00:00+00:00,0,2022-10-30T00:00:00+00:00,4,2022-10-30T00:00:00+00:00
demo-0075,2022-11-09T00:00:00+00:00,14460228.13,economic,dex,bsc,protocol-03,4,2022-11-08T00:00:00+00:00,1,2022-11-08T00:00:00+00:00,3,2022-11-08T00:00:00+00:00,4,2022-11-08T00:00:00+00:00
demo-0076,2022-11-18T00:00:00+00:00,583520.73,oracle,lending,ethereum,protocol-04,1,2022-11-17T00:00:00+00:00,0,2022-11-17T00:00:00+00:00,0,2022-11-17T00:00:00+00:00,4,2022-11-17T00:00:00+00:00
demo-0077,2022-11-27T00:00:00+00:00,1461185.63,access-control,bridge,arbitrum,protocol-05,2,2022-11-26T00:00:00+00:00,0,2022-11-26T00:00:00+00:00,0,2022-11-26T00:00:00+00:00,4,2022-11-26T00:00:00+00:00
demo-0078,2022-12-06T00:00:00+00:00,6660811.19,reentrancy,dex,polygon,protocol-06,3,2022-12-05T00:00:00+00:00,1,2022-12-05T00:00:00+00:00,1,2022-12-05T00:00:00+00:00,4,2022-12-05T00:00:00+00:00
demo-0079,2022-12-15T00:00:00+00:00,2274010.21,economic,lending,bsc,protocol-07,4,2022-12-14T00:00:00+00:00,0,2022-12-14T00:00:00+00:00,0,2022-12-14T00:00:00+00:00,4,2022-12-14T00:00:00+00:00
demo-0080,2022-12-24T00:00:00+00:00,1237073.36,oracle,bridge,ethereum,protocol-08,1,2022-12-23T00:00:00+00:00,0,2022-12-23T00:00:00+00:00,0,2022-12-23T00:00:00+00:00,4,2022-12-23T00:00:00+00:00
demo-0081,2023-01-02T00:00:00+00:00,2297570.8,access-control,dex,arbitrum,protocol-09,2,2023-01-01T00:00:00+00:00,1,2023-01-01T00:00:00+00:00,4,2023-01-01T00:00:00+00:00,4,2023-01-01T00:00:00+00:00
demo-0082,2023-01-11T00:00:00+00:00,1427455.76,reentrancy,lending,polygon,protocol-10,3,2023-01-10T00:00:00+00:00,0,2023-01-10T00:00:00+00:00,0,2023-01-10T00:00:00+00:00,4,2023-01-10T00:00:00+00:00
demo-0083,2023-01-20T00:00:00+00:00,2138302.38,economic,bridge,bsc,protocol-11,4,2023-01-19T00:00:00+00:00,0,2023-01-19T00:00:00+00:00,0,2023-01-19T00:00:00+00:00,4,2023-01-19T00:00:00+00:00
demo-0084,2023-01-29T00:00:00+00:00,710366.49,oracle,dex,ethereum,protocol-12,1,2023-01-28T00:00:00+00:00,1,2023-01-28T00:00:00+00:00,2,2023-01-28T00:00:00+00:00,4,2023-01-28T00:00:00+00:00
demo-0085,2023-02-07T00:00:00+00:00,1931730.15,access-control,lending,arbitrum,protocol-13,2,2023-02-06T00:00:00+00:00,0,2023-02-06T00:00:00+00:00,0,2023-02-06T00:00:00+00:00,4,2023-02-06T00:00:00+00:00
demo-0086,2023-02-16T00:00:00+00:00,1304079.53,reentrancy,bridge,polygon,protocol-14,3,2023-02-15T00:00:00+00:00,0,2023-02-15T00:00:00+00:00,0,2023-02-15T00:00:00+00:00,4,2023-02-15T00:00:00+00:00
demo-0087,2023-02-25T00:00:00+00:00,5181576.96,economic,dex,bsc,protocol-15,4,2023-02-24T00:00:00+00:00,1,2023-02-24T00:00:00+00:00,0,2023-02-24T00:00:00+00:00,4,2023-02-24T00:00:00+00:00
demo-0088,2023-03-06T00:00:00+00:00,1262538.15,oracle,lending,ethereum,protocol-16,1,2023-03-05T00:00:00+00:00,0,2023-03-05T00:00:00+00:00,0,2023-03-05T00:00:00+00:00,4,2023-03-05T00:00:00+00:00
demo-0089,2023-03-15T00:00:00+00:00,1866455.06,access-control,bridge,arbitrum,protocol-17,2,2023-03-14T00:00:00+00:00,0,2023-03-14T00:00:00+00:00,0,2023-03-14T00:00:00+00:00,4,2023-03-14T00:00:00+00:00
demo-0090,2023-03-24T00:00:00+00:00,3743671.39,reentrancy,dex,ethereum,protocol-00,1,2023-03-23T00:00:00+00:00,1,2023-03-23T00:00:00+00:00,0,2023-03-23T00:00:00+00:00,5,2023-03-23T00:00:00+00:00
demo-0091,2023-04-02T00:00:00+00:00,1717340.34,economic,lending,arbitrum,protocol-01,2,2023-04-01T00:00:00+00:00,0,2023-04-01T00:00:00+00:00,0,2023-04-01T00:00:00+00:00,5,2023-04-01T00:00:00+00:00
demo-0092,2023-04-11T00:00:00+00:00,1983148.78,oracle,bridge,polygon,protocol-02,3,2023-04-10T00:00:00+00:00,0,2023-04-10T00:00:00+00:00,0,2023-04-10T00:00:00+00:00,5,2023-04-10T00:00:00+00:00
demo-0093,2023-04-20T00:00:00+00:00,10987178.07,access-control,dex,bsc,protocol-03,4,2023-04-19T00:00:00+00:00,1,2023-04-19T00:00:00+00:00,3,2023-04-19T00:00:00+00:00,5,2023-04-19T00:00:00+00:00
demo-0094,2023-04-29T00:00:00+00:00,292367.17,reentrancy,lending,ethereum,protocol-04,1,2023-04-28T00:00:00+00:00,0,2023-04-28T00:00:00+00:00,0,2023-04-28T00:00:00+00:00,5,2023-04-28T00:00:00+00:00
demo-0095,2023-05-08T00:00:00+00:00,545770.81,economic,bridge,arbitrum,protocol-05,2,2023-05-07T00:00:00+00:00,0,2023-05-07T00:00:00+00:00,0,2023-05-07T00:00:00+00:00,5,2023-05-07T00:00:00+00:00
demo-0096,2023-05-17T00:00:00+00:00,1859290.14,oracle,dex,polygon,protocol-06,3,2023-05-16T00:00:00+00:00,1,2023-05-16T00:00:00+00:00,1,2023-05-16T00:00:00+00:00,5,2023-05-16T00:00:00+00:00
demo-0097,2023-05-26T00:00:00+00:00,1853043.9,access-control,lending,bsc,protocol-07,4,2023-05-25T00:00:00+00:00,0,2023-05-25T00:00:00+00:00,0,2023-05-25T00:00:00+00:00,5,2023-05-25T00:00:00+00:00
demo-0098,2023-06-04T00:00:00+00:00,1723397.33,reentrancy,bridge,ethereum,protocol-08,1,2023-06-03T00:00:00+00:00,0,2023-06-03T00:00:00+00:00,0,2023-06-03T00:00:00+00:00,5,2023-06-03T00:00:00+00:00
demo-0099,2023-06-13T00:00:00+00:00,2731449.02,economic,dex,arbitrum,protocol-09,2,2023-06-12T00:00:00+00:00,1,2023-06-12T00:00:00+00:00,4,2023-06-12T00:00:00+00:00,5,2023-06-12T00:00:00+00:00
demo-0100,2023-06-22T00:00:00+00:00,2060711.42,oracle,lending,polygon,protocol-10,3,2023-06-21T00:00:00+00:00,0,2023-06-21T00:00:00+00:00,0,2023-06-21T00:00:00+00:00,5,2023-06-21T00:00:00+00:00
demo-0101,2023-07-01T00:00:00+00:00,13050591.98,access-control,bridge,bsc,protocol-11,4,2023-06-30T00:00:00+00:00,0,2023-06-30T00:00:00+00:00,0,2023-06-30T00:00:00+00:00,5,2023-06-30T00:00:00+00:00
demo-0102,2023-07-10T00:00:00+00:00,2120527.9,reentrancy,dex,ethereum,protocol-12,1,2023-07-09T00:00:00+00:00,1,2023-07-09T00:00:00+00:00,2,2023-07-09T00:00:00+00:00,5,2023-07-09T00:00:00+00:00
demo-0103,2023-07-19T00:00:00+00:00,3495154.83,economic,lending,arbitrum,protocol-13,2,2023-07-18T00:00:00+00:00,0,2023-07-18T00:00:00+00:00,0,2023-07-18T00:00:00+00:00,5,2023-07-18T00:00:00+00:00
demo-0104,2023-07-28T00:00:00+00:00,1285200.08,oracle,bridge,polygon,protocol-14,3,2023-07-27T00:00:00+00:00,0,2023-07-27T00:00:00+00:00,0,2023-07-27T00:00:00+00:00,5,2023-07-27T00:00:00+00:00
demo-0105,2023-08-06T00:00:00+00:00,6295704.14,access-control,dex,bsc,protocol-15,4,2023-08-05T00:00:00+00:00,1,2023-08-05T00:00:00+00:00,0,2023-08-05T00:00:00+00:00,5,2023-08-05T00:00:00+00:00
demo-0106,2023-08-15T00:00:00+00:00,547151.63,reentrancy,lending,ethereum,protocol-16,1,2023-08-14T00:00:00+00:00,0,2023-08-14T00:00:00+00:00,0,2023-08-14T00:00:00+00:00,5,2023-08-14T00:00:00+00:00
demo-0107,2023-08-24T00:00:00+00:00,1399774.75,economic,bridge,arbitrum,protocol-17,2,2023-08-23T00:00:00+00:00,0,2023-08-23T00:00:00+00:00,0,2023-08-23T00:00:00+00:00,5,2023-08-23T00:00:00+00:00
demo-0108,2023-09-02T00:00:00+00:00,6351883.35,oracle,dex,ethereum,protocol-00,1,2023-09-01T00:00:00+00:00,1,2023-09-01T00:00:00+00:00,0,2023-09-01T00:00:00+00:00,6,2023-09-01T00:00:00+00:00
demo-0109,2023-09-11T00:00:00+00:00,628931.51,access-control,lending,arbitrum,protocol-01,2,2023-09-10T00:00:00+00:00,0,2023-09-10T00:00:00+00:00,0,2023-09-10T00:00:00+00:00,6,2023-09-10T00:00:00+00:00
demo-0110,2023-09-20T00:00:00+00:00,6011952.31,reentrancy,bridge,polygon,protocol-02,3,2023-09-19T00:00:00+00:00,0,2023-09-19T00:00:00+00:00,0,2023-09-19T00:00:00+00:00,6,2023-09-19T00:00:00+00:00
demo-0111,2023-09-29T00:00:00+00:00,21042931.42,economic,dex,bsc,protocol-03,4,2023-09-28T00:00:00+00:00,1,2023-09-28T00:00:00+00:00,3,2023-09-28T00:00:00+00:00,6,2023-09-28T00:00:00+00:00
demo-0112,2023-10-08T00:00:00+00:00,1082704.39,oracle,lending,ethereum,protocol-04,1,2023-10-07T00:00:00+00:00,0,2023-10-07T00:00:00+00:00,0,2023-10-07T00:00:00+00:00,6,2023-10-07T00:00:00+00:00
demo-0113,2023-10-17T00:00:00+00:00,798787.97,access-control,bridge,arbitrum,protocol-05,2,2023-10-16T00:00:00+00:00,0,2023-10-16T00:00:00+00:00,0,2023-10-16T00:00:00+00:00,6,2023-10-16T00:00:00+00:00
demo-0114,2023-10-26T00:00:00+00:00,8897759.68,reentrancy,dex,polygon,protocol-06,3,2023-10-25T00:00:00+00:00,1,2023-10-25T00:00:00+00:00,1,2023-10-25T00:00:00+00:00,6,2023-10-25T00:00:00+00:00
demo-0115,2023-11-04T00:00:00+00:00,4032637.54,economic,lending,bsc,protocol-07,4,2023-11-03T00:00:00+00:00,0,2023-11-03T00:00:00+00:00,0,2023-11-03T00:00:00+00:00,6,2023-11-03T00:00:00+00:00
demo-0116,2023-11-13T00:00:00+00:00,2186417.2,oracle,bridge,ethereum,protocol-08,1,2023-11-12T00:00:00+00:00,0,2023-11-12T00:00:00+00:00,0,2023-11-12T00:00:00+00:00,6,2023-11-12T00:00:00+00:00
demo-0117,2023-11-22T00:00:00+00:00,8785158.52,access-control,dex,arbitrum,protocol-09,2,2023-11-21T00:00:00+00:00,1,2023-11-21T00:00:00+00:00,4,2023-11-21T00:00:00+00:00,6,2023-11-21T00:00:00+00:00
demo-0118,2023-12-01T00:00:00+00:00,16216050.12,reentrancy,lending,polygon,protocol-10,3,2023-11-30T00:00:00+00:00,0,2023-11-30T00:00:00+00:00,0,2023-11-30T00:00:00+00:00,6,2023-11-30T00:00:00+00:00
demo-0119,2023-12-10T00:00:00+00:00,5160519.01,economic,bridge,bsc,protocol-11,4,2023-12-09T00:00:00+00:00,0,2023-12-09T00:00:00+00:00,0,2023-12-09T00:00:00+00:00,6,2023-12-09T00:00:00+00:00
demo-0120,2023-12-19T00:00:00+00:00,1758597.42,oracle,dex,ethereum,protocol-12,1,2023-12-18T00:00:00+00:00,1,2023-12-18T00:00:00+00:00,2,2023-12-18T00:00:00+00:00,6,2023-12-18T00:00:00+00:00
demo-0121,2023-12-28T00:00:00+00:00,3179976.26,access-control,lending,arbitrum,protocol-13,2,2023-12-27T00:00:00+00:00,0,2023-12-27T00:00:00+00:00,0,2023-12-27T00:00:00+00:00,6,2023-12-27T00:00:00+00:00
demo-0122,2024-01-06T00:00:00+00:00,5010254.06,reentrancy,bridge,polygon,protocol-14,3,2024-01-05T00:00:00+00:00,0,2024-01-05T00:00:00+00:00,0,2024-01-05T00:00:00+00:00,6,2024-01-05T00:00:00+00:00
demo-0123,2024-01-15T00:00:00+00:00,34806316.57,economic,dex,bsc,protocol-15,4,2024-01-14T00:00:00+00:00,1,2024-01-14T00:00:00+00:00,0,2024-01-14T00:00:00+00:00,6,2024-01-14T00:00:00+00:00
demo-0124,2024-01-24T00:00:00+00:00,3648565.22,oracle,lending,ethereum,protocol-16,1,2024-01-23T00:00:00+00:00,0,2024-01-23T00:00:00+00:00,0,2024-01-23T00:00:00+00:00,6,2024-01-23T00:00:00+00:00
demo-0125,2024-02-02T00:00:00+00:00,3698139.45,access-control,bridge,arbitrum,protocol-17,2,2024-02-01T00:00:00+00:00,0,2024-02-01T00:00:00+00:00,0,2024-02-01T00:00:00+00:00,6,2024-02-01T00:00:00+00:00
demo-0126,2024-02-11T00:00:00+00:00,15772957.13,reentrancy,dex,ethereum,protocol-00,1,2024-02-10T00:00:00+00:00,1,2024-02-10T00:00:00+00:00,0,2024-02-10T00:00:00+00:00,7,2024-02-10T00:00:00+00:00
demo-0127,2024-02-20T00:00:00+00:00,1453596.52,economic,lending,arbitrum,protocol-01,2,2024-02-19T00:00:00+00:00,0,2024-02-19T00:00:00+00:00,0,2024-02-19T00:00:00+00:00,7,2024-02-19T00:00:00+00:00
demo-0128,2024-02-29T00:00:00+00:00,3527892.4,oracle,bridge,polygon,protocol-02,3,2024-02-28T00:00:00+00:00,0,2024-02-28T00:00:00+00:00,0,2024-02-28T00:00:00+00:00,7,2024-02-28T00:00:00+00:00
demo-0129,2024-03-09T00:00:00+00:00,11437528.15,access-control,dex,bsc,protocol-03,4,2024-03-08T00:00:00+00:00,1,2024-03-08T00:00:00+00:00,3,2024-03-08T00:00:00+00:00,7,2024-03-08T00:00:00+00:00
demo-0130,2024-03-18T00:00:00+00:00,1883536.47,reentrancy,lending,ethereum,protocol-04,1,2024-03-17T00:00:00+00:00,0,2024-03-17T00:00:00+00:00,0,2024-03-17T00:00:00+00:00,7,2024-03-17T00:00:00+00:00
demo-0131,2024-03-27T00:00:00+00:00,1239002.0,economic,bridge,arbitrum,protocol-05,2,2024-03-26T00:00:00+00:00,0,2024-03-26T00:00:00+00:00,0,2024-03-26T00:00:00+00:00,7,2024-03-26T00:00:00+00:00
demo-0132,2024-04-05T00:00:00+00:00,20996751.74,oracle,dex,polygon,protocol-06,3,2024-04-04T00:00:00+00:00,1,2024-04-04T00:00:00+00:00,1,2024-04-04T00:00:00+00:00,7,2024-04-04T00:00:00+00:00
demo-0133,2024-04-14T00:00:00+00:00,7656846.0,access-control,lending,bsc,protocol-07,4,2024-04-13T00:00:00+00:00,0,2024-04-13T00:00:00+00:00,0,2024-04-13T00:00:00+00:00,7,2024-04-13T00:00:00+00:00
demo-0134,2024-04-23T00:00:00+00:00,751491.1,reentrancy,bridge,ethereum,protocol-08,1,2024-04-22T00:00:00+00:00,0,2024-04-22T00:00:00+00:00,0,2024-04-22T00:00:00+00:00,7,2024-04-22T00:00:00+00:00
demo-0135,2024-05-02T00:00:00+00:00,5318797.39,economic,dex,arbitrum,protocol-09,2,2024-05-01T00:00:00+00:00,1,2024-05-01T00:00:00+00:00,4,2024-05-01T00:00:00+00:00,7,2024-05-01T00:00:00+00:00
demo-0136,2024-05-11T00:00:00+00:00,7932563.21,oracle,lending,polygon,protocol-10,3,2024-05-10T00:00:00+00:00,0,2024-05-10T00:00:00+00:00,0,2024-05-10T00:00:00+00:00,7,2024-05-10T00:00:00+00:00
demo-0137,2024-05-20T00:00:00+00:00,18857241.88,access-control,bridge,bsc,protocol-11,4,2024-05-19T00:00:00+00:00,0,2024-05-19T00:00:00+00:00,0,2024-05-19T00:00:00+00:00,7,2024-05-19T00:00:00+00:00
demo-0138,2024-05-29T00:00:00+00:00,33505536.71,reentrancy,dex,ethereum,protocol-12,1,2024-05-28T00:00:00+00:00,1,2024-05-28T00:00:00+00:00,2,2024-05-28T00:00:00+00:00,7,2024-05-28T00:00:00+00:00
demo-0139,2024-06-07T00:00:00+00:00,47525791.29,economic,lending,arbitrum,protocol-13,2,2024-06-06T00:00:00+00:00,0,2024-06-06T00:00:00+00:00,0,2024-06-06T00:00:00+00:00,7,2024-06-06T00:00:00+00:00
demo-0140,2024-06-16T00:00:00+00:00,8642893.83,oracle,bridge,polygon,protocol-14,3,2024-06-15T00:00:00+00:00,0,2024-06-15T00:00:00+00:00,0,2024-06-15T00:00:00+00:00,7,2024-06-15T00:00:00+00:00
demo-0141,2024-06-25T00:00:00+00:00,6912850.29,access-control,dex,bsc,protocol-15,4,2024-06-24T00:00:00+00:00,1,2024-06-24T00:00:00+00:00,0,2024-06-24T00:00:00+00:00,7,2024-06-24T00:00:00+00:00
demo-0142,2024-07-04T00:00:00+00:00,428377.74,reentrancy,lending,ethereum,protocol-16,1,2024-07-03T00:00:00+00:00,0,2024-07-03T00:00:00+00:00,0,2024-07-03T00:00:00+00:00,7,2024-07-03T00:00:00+00:00
demo-0143,2024-07-13T00:00:00+00:00,5013048.36,economic,bridge,arbitrum,protocol-17,2,2024-07-12T00:00:00+00:00,0,2024-07-12T00:00:00+00:00,0,2024-07-12T00:00:00+00:00,7,2024-07-12T00:00:00+00:00
demo-0144,2024-07-22T00:00:00+00:00,3331722.74,oracle,dex,ethereum,protocol-00,1,2024-07-21T00:00:00+00:00,1,2024-07-21T00:00:00+00:00,0,2024-07-21T00:00:00+00:00,8,2024-07-21T00:00:00+00:00
demo-0145,2024-07-31T00:00:00+00:00,4101840.48,access-control,lending,arbitrum,protocol-01,2,2024-07-30T00:00:00+00:00,0,2024-07-30T00:00:00+00:00,0,2024-07-30T00:00:00+00:00,8,2024-07-30T00:00:00+00:00
demo-0146,2024-08-09T00:00:00+00:00,5281484.23,reentrancy,bridge,polygon,protocol-02,3,2024-08-08T00:00:00+00:00,0,2024-08-08T00:00:00+00:00,0,2024-08-08T00:00:00+00:00,8,2024-08-08T00:00:00+00:00
demo-0147,2024-08-18T00:00:00+00:00,32616463.9,economic,dex,bsc,protocol-03,4,2024-08-17T00:00:00+00:00,1,2024-08-17T00:00:00+00:00,3,2024-08-17T00:00:00+00:00,8,2024-08-17T00:00:00+00:00
demo-0148,2024-08-27T00:00:00+00:00,9493170.43,oracle,lending,ethereum,protocol-04,1,2024-08-26T00:00:00+00:00,0,2024-08-26T00:00:00+00:00,0,2024-08-26T00:00:00+00:00,8,2024-08-26T00:00:00+00:00
demo-0149,2024-09-05T00:00:00+00:00,6672407.4,access-control,bridge,arbitrum,protocol-05,2,2024-09-04T00:00:00+00:00,0,2024-09-04T00:00:00+00:00,0,2024-09-04T00:00:00+00:00,8,2024-09-04T00:00:00+00:00
demo-0150,2024-09-14T00:00:00+00:00,15637155.27,reentrancy,dex,polygon,protocol-06,3,2024-09-13T00:00:00+00:00,1,2024-09-13T00:00:00+00:00,1,2024-09-13T00:00:00+00:00,8,2024-09-13T00:00:00+00:00
demo-0151,2024-09-23T00:00:00+00:00,5607941.69,economic,lending,bsc,protocol-07,4,2024-09-22T00:00:00+00:00,0,2024-09-22T00:00:00+00:00,0,2024-09-22T00:00:00+00:00,8,2024-09-22T00:00:00+00:00
demo-0152,2024-10-02T00:00:00+00:00,924048.18,oracle,bridge,ethereum,protocol-08,1,2024-10-01T00:00:00+00:00,0,2024-10-01T00:00:00+00:00,0,2024-10-01T00:00:00+00:00,8,2024-10-01T00:00:00+00:00
demo-0153,2024-10-11T00:00:00+00:00,12196240.14,access-control,dex,arbitrum,protocol-09,2,2024-10-10T00:00:00+00:00,1,2024-10-10T00:00:00+00:00,4,2024-10-10T00:00:00+00:00,8,2024-10-10T00:00:00+00:00
demo-0154,2024-10-20T00:00:00+00:00,8489026.03,reentrancy,lending,polygon,protocol-10,3,2024-10-19T00:00:00+00:00,0,2024-10-19T00:00:00+00:00,0,2024-10-19T00:00:00+00:00,8,2024-10-19T00:00:00+00:00
demo-0155,2024-10-29T00:00:00+00:00,60778120.78,economic,bridge,bsc,protocol-11,4,2024-10-28T00:00:00+00:00,0,2024-10-28T00:00:00+00:00,0,2024-10-28T00:00:00+00:00,8,2024-10-28T00:00:00+00:00
demo-0156,2024-11-07T00:00:00+00:00,10026411.74,oracle,dex,ethereum,protocol-12,1,2024-11-06T00:00:00+00:00,1,2024-11-06T00:00:00+00:00,2,2024-11-06T00:00:00+00:00,8,2024-11-06T00:00:00+00:00
demo-0157,2024-11-16T00:00:00+00:00,13461288.21,access-control,lending,arbitrum,protocol-13,2,2024-11-15T00:00:00+00:00,0,2024-11-15T00:00:00+00:00,0,2024-11-15T00:00:00+00:00,8,2024-11-15T00:00:00+00:00
demo-0158,2024-11-25T00:00:00+00:00,5812949.98,reentrancy,bridge,polygon,protocol-14,3,2024-11-24T00:00:00+00:00,0,2024-11-24T00:00:00+00:00,0,2024-11-24T00:00:00+00:00,8,2024-11-24T00:00:00+00:00
demo-0159,2024-12-04T00:00:00+00:00,8561601.3,economic,dex,bsc,protocol-15,4,2024-12-03T00:00:00+00:00,1,2024-12-03T00:00:00+00:00,0,2024-12-03T00:00:00+00:00,8,2024-12-03T00:00:00+00:00
demo-0160,2024-12-13T00:00:00+00:00,1689006.01,oracle,lending,ethereum,protocol-16,1,2024-12-12T00:00:00+00:00,0,2024-12-12T00:00:00+00:00,0,2024-12-12T00:00:00+00:00,8,2024-12-12T00:00:00+00:00
demo-0161,2024-12-22T00:00:00+00:00,3152031.88,access-control,bridge,arbitrum,protocol-17,2,2024-12-21T00:00:00+00:00,0,2024-12-21T00:00:00+00:00,0,2024-12-21T00:00:00+00:00,8,2024-12-21T00:00:00+00:00
demo-0162,2024-12-31T00:00:00+00:00,59364043.49,reentrancy,dex,ethereum,protocol-00,1,2024-12-30T00:00:00+00:00,1,2024-12-30T00:00:00+00:00,0,2024-12-30T00:00:00+00:00,9,2024-12-30T00:00:00+00:00
demo-0163,2025-01-09T00:00:00+00:00,4247415.86,economic,lending,arbitrum,protocol-01,2,2025-01-08T00:00:00+00:00,0,2025-01-08T00:00:00+00:00,0,2025-01-08T00:00:00+00:00,9,2025-01-08T00:00:00+00:00
demo-0164,2025-01-18T00:00:00+00:00,26501604.15,oracle,bridge,polygon,protocol-02,3,2025-01-17T00:00:00+00:00,0,2025-01-17T00:00:00+00:00,0,2025-01-17T00:00:00+00:00,9,2025-01-17T00:00:00+00:00
demo-0165,2025-01-27T00:00:00+00:00,24953181.79,access-control,dex,bsc,protocol-03,4,2025-01-26T00:00:00+00:00,1,2025-01-26T00:00:00+00:00,3,2025-01-26T00:00:00+00:00,9,2025-01-26T00:00:00+00:00
demo-0166,2025-02-05T00:00:00+00:00,12383024.01,reentrancy,lending,ethereum,protocol-04,1,2025-02-04T00:00:00+00:00,0,2025-02-04T00:00:00+00:00,0,2025-02-04T00:00:00+00:00,9,2025-02-04T00:00:00+00:00
demo-0167,2025-02-14T00:00:00+00:00,11842535.62,economic,bridge,arbitrum,protocol-05,2,2025-02-13T00:00:00+00:00,0,2025-02-13T00:00:00+00:00,0,2025-02-13T00:00:00+00:00,9,2025-02-13T00:00:00+00:00
demo-0168,2025-02-23T00:00:00+00:00,22904816.8,oracle,dex,polygon,protocol-06,3,2025-02-22T00:00:00+00:00,1,2025-02-22T00:00:00+00:00,1,2025-02-22T00:00:00+00:00,9,2025-02-22T00:00:00+00:00
demo-0169,2025-03-04T00:00:00+00:00,19102921.76,access-control,lending,bsc,protocol-07,4,2025-03-03T00:00:00+00:00,0,2025-03-03T00:00:00+00:00,0,2025-03-03T00:00:00+00:00,9,2025-03-03T00:00:00+00:00
demo-0170,2025-03-13T00:00:00+00:00,3215297.54,reentrancy,bridge,ethereum,protocol-08,1,2025-03-12T00:00:00+00:00,0,2025-03-12T00:00:00+00:00,0,2025-03-12T00:00:00+00:00,9,2025-03-12T00:00:00+00:00
demo-0171,2025-03-22T00:00:00+00:00,39395469.14,economic,dex,arbitrum,protocol-09,2,2025-03-21T00:00:00+00:00,1,2025-03-21T00:00:00+00:00,4,2025-03-21T00:00:00+00:00,9,2025-03-21T00:00:00+00:00
demo-0172,2025-03-31T00:00:00+00:00,8826455.19,oracle,lending,polygon,protocol-10,3,2025-03-30T00:00:00+00:00,0,2025-03-30T00:00:00+00:00,0,2025-03-30T00:00:00+00:00,9,2025-03-30T00:00:00+00:00
demo-0173,2025-04-09T00:00:00+00:00,6977736.24,access-control,bridge,bsc,protocol-11,4,2025-04-08T00:00:00+00:00,0,2025-04-08T00:00:00+00:00,0,2025-04-08T00:00:00+00:00,9,2025-04-08T00:00:00+00:00
demo-0174,2025-04-18T00:00:00+00:00,4429304.19,reentrancy,dex,ethereum,protocol-12,1,2025-04-17T00:00:00+00:00,1,2025-04-17T00:00:00+00:00,2,2025-04-17T00:00:00+00:00,9,2025-04-17T00:00:00+00:00
demo-0175,2025-04-27T00:00:00+00:00,9886687.67,economic,lending,arbitrum,protocol-13,2,2025-04-26T00:00:00+00:00,0,2025-04-26T00:00:00+00:00,0,2025-04-26T00:00:00+00:00,9,2025-04-26T00:00:00+00:00
demo-0176,2025-05-06T00:00:00+00:00,49735402.82,oracle,bridge,polygon,protocol-14,3,2025-05-05T00:00:00+00:00,0,2025-05-05T00:00:00+00:00,0,2025-05-05T00:00:00+00:00,9,2025-05-05T00:00:00+00:00
demo-0177,2025-05-15T00:00:00+00:00,39270842.15,access-control,dex,bsc,protocol-15,4,2025-05-14T00:00:00+00:00,1,2025-05-14T00:00:00+00:00,0,2025-05-14T00:00:00+00:00,9,2025-05-14T00:00:00+00:00
demo-0178,2025-05-24T00:00:00+00:00,5071551.9,reentrancy,lending,ethereum,protocol-16,1,2025-05-23T00:00:00+00:00,0,2025-05-23T00:00:00+00:00,0,2025-05-23T00:00:00+00:00,9,2025-05-23T00:00:00+00:00
demo-0179,2025-06-02T00:00:00+00:00,10885609.21,economic,bridge,arbitrum,protocol-17,2,2025-06-01T00:00:00+00:00,0,2025-06-01T00:00:00+00:00,0,2025-06-01T00:00:00+00:00,9,2025-06-01T00:00:00+00:00
